﻿designator,quantity,value,pack,mpn,mount_type
"BP-ON1, BP-ON2, D11, D12, D4, D5, D7, D8, IGNI1, IGNI2, TV_ON1",11,LED,LED_0805_2012Metric,,smt
BT1,1,Battery_12v,AMASS_XT30UPB-M_1x02_P5.0mm_Vertical,,tht
BTTNS1,1,Conn_01x08_Female,JST_EH_B8B-EH-A_1x08_P2.50mm_Vertical,,tht
"C1, C24, C26, C3",4,10uf,C_0805_2012Metric_Pad1.18x1.45mm_HandSolder,,smt
C10,1,100uF,C_0805_2012Metric_Pad1.18x1.45mm_HandSolder,,smt
"C11, C13, C17, C5, C6, C7",6,100nF,C_0805_2012Metric_Pad1.18x1.45mm_HandSolder,,smt
C12,1,1uf,C_0805_2012Metric_Pad1.18x1.45mm_HandSolder,,smt
"C14, C15, C16, C18, C8",5,1μF,C_0805_2012Metric_Pad1.18x1.45mm_HandSolder,,smt
C19,1,4.7nF,C_0805_2012Metric_Pad1.18x1.45mm_HandSolder,,smt
"C2, C25, C27, C4",4,100nf,C_0805_2012Metric_Pad1.18x1.45mm_HandSolder,,smt
"C20, C21",2,2.2μF,C_0805_2012Metric_Pad1.18x1.45mm_HandSolder,,smt
"C22, C23",2,6pF,C_0805_2012Metric_Pad1.18x1.45mm_HandSolder,,smt
C28,1,0.1uf,C_0805_2012Metric_Pad1.18x1.45mm_HandSolder,,smt
C9,1,100μF,CP_EIA-2012-12_Kemet-R,,smt
COMM-TRV1,1,Conn_02x04_Odd_Even,PinHeader_2x04_P2.00mm_Vertical,,tht
"D1, D2",2,1N5400,D_0805_2012Metric,,smt
D3,1,"type=""D"" model=""DIODE"" lib=""""",D_0805_2012Metric,,smt
FAN1,1,Conn_01x03_Male,PinHeader_1x03_P2.54mm_Vertical,,tht
G1,1,LOGO,DIVEC_LOGO,,tht
G2,1,LOGO,SPACE,,tht
"GNDSCREW1, GNDSCREW2, GNDSCREW3, GNDSCREW4",4,Conn_01x01_Male,MountingHole_2.2mm_M2_Pad_Via,,tht
IC1,1,ADS1262IPWR,ADS1263IPWR,,smt
IC2,1,ADUM4151ARIZ,ADUM4151ARIZ,,smt
IC3,1,STM32H503RBT6,STM32H503RBT6,,smt
J1,1,header rst,PinHeader_1x02_P2.54mm_Vertical,,tht
J2,1,Screw_Terminal_01x04,"TerminalBlock_Phoenix_PT-1,5-4-5.0-H_1x04_P5.00mm_Horizontal",,tht
J3,1,Conn_01x02_Pin,PinHeader_1x02_P2.54mm_Vertical,,tht
J4,1,v-ext,PinHeader_1x04_P2.54mm_Vertical,,tht
J6,1,GALGA,TerminalBlock_TE_282834-5_1x05_P2.54mm_Horizontal,,tht
J7,1,JTAG,PinHeader_1x04_P2.54mm_Vertical,,tht
J8,1,Conn_01x03_Pin,PinHeader_1x03_P2.54mm_Vertical,,tht
J9,1,DM3AT-SF-PEJM5_40_,DM3ATSFPEJM540,,smt
MOS1,1,DMN2041LSD,SOIC127P600X175-8M,,smt
"R1, R18, R19, R23, R25, R4",6,47,R_0805_2012Metric_Pad1.20x1.40mm_HandSolder,,smt
"R10, R11, R12, R9",4,3.3K,R_0805_2012Metric_Pad1.20x1.40mm_HandSolder,,smt
"R13, R14, R20, R21",4,330,R_0805_2012Metric_Pad1.20x1.40mm_HandSolder,,smt
R15,1,10k,R_0805_2012Metric_Pad1.20x1.40mm_HandSolder,,smt
"R16, R30",2,100k,R_0805_2012Metric_Pad1.20x1.40mm_HandSolder,,smt
"R17, R27, R28, R29",4,4.7k,R_0805_2012Metric_Pad1.20x1.40mm_HandSolder,,smt
R2,1,196,R_0805_2012Metric_Pad1.20x1.40mm_HandSolder,,smt
"R24, RBT2, RBT3, RBT4, RBT5, RBT6, RBT7, RPD1, RPD2",9,10K,R_0805_2012Metric_Pad1.20x1.40mm_HandSolder,,smt
R26,1,50,R_0805_2012Metric_Pad1.20x1.40mm_HandSolder,,smt
R3,1,120R,R_0805_2012Metric_Pad1.20x1.40mm_HandSolder,,smt
"R31, R32",2,0,R_0805_2012Metric_Pad1.20x1.40mm_HandSolder,,smt
"R5, R6, R7, RLED1, RLED2, RLED3, RLED4, RLED5",8,220,R_0805_2012Metric_Pad1.20x1.40mm_HandSolder,,smt
SERIAL1,1,comm-ext,PinHeader_1x02_P2.54mm_Vertical,,tht
"SW-ARM1, SW-PIR1, sw-main2, sw-pwr-bp1, sw-pwr-bp2, sw-pwr-tv1",6,on-bt1,"TerminalBlock_Phoenix_PT-1,5-2-3.5-H_1x02_P3.50mm_Horizontal",,tht
SW1,1,SW_Push,SW_SPST_B3U-1000P,,smt
U1,1,AMS1117-5.0,SOT-223-3_TabPin2,,smt
U2,1,TLV1117-ADJ,SOT-223,,smt
U3,1,TARVOS_III,tarvos-iii,,smt
U4,1,LD1117S33TR_SOT223,SOT-223-3_TabPin2,,smt
U5,1,PCA9306DP,TSSOP-8_3x3mm_P0.65mm,,smt
U6,1,"74LVC125APW,118","IC_74LVC125APW,118",,smt
U7,1,W25Q128JVS,SOIC127P600X175-8M,,smt
Y1,1,NX3225GA-16.000M-STD-CRG-1,NX3225GA16000MSTDCRG1,,smt
antena1,1,Conn_Coaxial,SMA_Wurth_60312002114503_Vertical,,tht
presure-sens1,1,presure-sens,"TerminalBlock_Phoenix_PT-1,5-4-3.5-H_1x04_P3.50mm_Horizontal",,tht
