﻿pos_x,pos_y,rotation,side,designator,mpn,pack,value,mount_type,place
39.0,-83.0,90.0,top,BP-ON1,,LED_0805_2012Metric,LED,smt,True
43.882226,-83.0,90.0,top,BP-ON2,,LED_0805_2012Metric,LED,smt,True
24.5194,-66.776,-90.0,top,BT1,,AMASS_XT30UPB-M_1x02_P5.0mm_Vertical,Battery_12v,tht,True
71.25,-78.7,0.0,top,BTTNS1,,JST_EH_B8B-EH-A_1x08_P2.50mm_Vertical,Conn_01x08_Female,tht,True
33.375292,-61.0,180.0,top,C1,,C_0805_2012Metric_Pad1.18x1.45mm_HandSolder,10uf,smt,True
160.39777,-41.138873,-90.0,top,C10,,C_0805_2012Metric_Pad1.18x1.45mm_HandSolder,100uF,smt,True
63.0,-65.0,90.0,top,C11,,C_0805_2012Metric_Pad1.18x1.45mm_HandSolder,100nF,smt,True
127.93444,-68.153992,0.0,top,C12,,C_0805_2012Metric_Pad1.18x1.45mm_HandSolder,1uf,smt,True
126.486527,-41.301983,0.0,top,C13,,C_0805_2012Metric_Pad1.18x1.45mm_HandSolder,100nF,smt,True
126.574987,-45.0,0.0,top,C14,,C_0805_2012Metric_Pad1.18x1.45mm_HandSolder,1μF,smt,True
131.0,-42.009659,90.0,top,C15,,C_0805_2012Metric_Pad1.18x1.45mm_HandSolder,1μF,smt,True
130.393153,-21.641078,0.0,top,C16,,C_0805_2012Metric_Pad1.18x1.45mm_HandSolder,1μF,smt,True
130.81,-23.911202,0.0,top,C17,,C_0805_2012Metric_Pad1.18x1.45mm_HandSolder,100nF,smt,True
134.135062,-25.061514,90.0,top,C18,,C_0805_2012Metric_Pad1.18x1.45mm_HandSolder,1μF,smt,True
123.305428,-37.393153,0.0,top,C19,,C_0805_2012Metric_Pad1.18x1.45mm_HandSolder,4.7nF,smt,True
33.375292,-64.0,180.0,top,C2,,C_0805_2012Metric_Pad1.18x1.45mm_HandSolder,100nf,smt,True
96.472389,-61.648896,90.0,top,C20,,C_0805_2012Metric_Pad1.18x1.45mm_HandSolder,2.2μF,smt,True
79.215158,-49.543116,90.0,top,C21,,C_0805_2012Metric_Pad1.18x1.45mm_HandSolder,2.2μF,smt,True
102.46754,-53.416022,90.0,top,C22,,C_0805_2012Metric_Pad1.18x1.45mm_HandSolder,6pF,smt,True
98.74914,-61.70973,-90.0,top,C23,,C_0805_2012Metric_Pad1.18x1.45mm_HandSolder,6pF,smt,True
39.0,-59.0,-90.0,top,C24,,C_0805_2012Metric_Pad1.18x1.45mm_HandSolder,10uf,smt,True
42.0,-59.0375,-90.0,top,C25,,C_0805_2012Metric_Pad1.18x1.45mm_HandSolder,100nf,smt,True
53.0,-61.0,-90.0,top,C26,,C_0805_2012Metric_Pad1.18x1.45mm_HandSolder,10uf,smt,True
57.0,-61.0,-90.0,top,C27,,C_0805_2012Metric_Pad1.18x1.45mm_HandSolder,100nf,smt,True
67.0,-70.0,180.0,top,C28,,C_0805_2012Metric_Pad1.18x1.45mm_HandSolder,0.1uf,smt,True
45.928172,-68.029788,90.0,top,C3,,C_0805_2012Metric_Pad1.18x1.45mm_HandSolder,10uf,smt,True
49.191666,-68.029008,90.0,top,C4,,C_0805_2012Metric_Pad1.18x1.45mm_HandSolder,100nf,smt,True
42.758298,-47.314416,-90.0,top,C5,,C_0805_2012Metric_Pad1.18x1.45mm_HandSolder,100nF,smt,True
48.0,-38.0,90.0,top,C6,,C_0805_2012Metric_Pad1.18x1.45mm_HandSolder,100nF,smt,True
59.024733,-44.612962,180.0,top,C7,,C_0805_2012Metric_Pad1.18x1.45mm_HandSolder,100nF,smt,True
59.0,-48.0,180.0,top,C8,,C_0805_2012Metric_Pad1.18x1.45mm_HandSolder,1μF,smt,True
59.0375,-51.0,0.0,top,C9,,CP_EIA-2012-12_Kemet-R,100μF,smt,True
140.0,-27.0,0.0,top,COMM-TRV1,,PinHeader_2x04_P2.00mm_Vertical,Conn_02x04_Odd_Even,tht,True
39.906176,-52.303318,90.0,top,D1,,D_0805_2012Metric,1N5400,smt,True
98.585661,-27.982429,180.0,top,D11,,LED_0805_2012Metric,LED,smt,True
98.593761,-24.640929,180.0,top,D12,,LED_0805_2012Metric,LED,smt,True
33.0,-57.0,90.0,top,D2,,D_0805_2012Metric,1N5400,smt,True
42.0,-39.9375,90.0,top,D3,,D_0805_2012Metric,"type=""D"" model=""DIODE"" lib=""""",smt,True
153.838608,-80.370618,90.0,top,D4,,LED_0805_2012Metric,LED,smt,True
149.073208,-80.350818,90.0,top,D5,,LED_0805_2012Metric,LED,smt,True
48.364177,-82.954562,90.0,top,D7,,LED_0805_2012Metric,LED,smt,True
53.04059,-83.0625,90.0,top,D8,,LED_0805_2012Metric,LED,smt,True
56.0,-24.0,-90.0,top,FAN1,,PinHeader_1x03_P2.54mm_Vertical,Conn_01x03_Male,tht,True
156.178368,-55.270436,180.0,bottom,G1,,DIVEC_LOGO,LOGO,tht,False
47.0,-47.0,180.0,bottom,G2,,SPACE,LOGO,tht,False
162.0,-25.0,0.0,top,GNDSCREW1,,MountingHole_2.2mm_M2_Pad_Via,Conn_01x01_Male,tht,True
162.0,-81.0,0.0,top,GNDSCREW2,,MountingHole_2.2mm_M2_Pad_Via,Conn_01x01_Male,tht,True
25.0,-25.0,0.0,top,GNDSCREW3,,MountingHole_2.2mm_M2_Pad_Via,Conn_01x01_Male,tht,True
25.0,-81.0,0.0,top,GNDSCREW4,,MountingHole_2.2mm_M2_Pad_Via,Conn_01x01_Male,tht,True
126.975,-31.0,90.0,top,IC1,,ADS1263IPWR,ADS1262IPWR,smt,True
100.725,-40.555,0.0,top,IC2,,ADUM4151ARIZ,ADUM4151ARIZ,smt,True
88.0,-56.0,-135.0,top,IC3,,STM32H503RBT6,STM32H503RBT6,smt,True
64.134,-33.9428,90.0,top,IGNI1,,LED_0805_2012Metric,LED,smt,True
82.0294,-34.0944,90.0,top,IGNI2,,LED_0805_2012Metric,LED,smt,True
146.0,-68.46,0.0,top,J1,,PinHeader_1x02_P2.54mm_Vertical,header rst,tht,True
80.8628,-27.5,180.0,top,J2,,"TerminalBlock_Phoenix_PT-1,5-4-5.0-H_1x04_P5.00mm_Horizontal",Screw_Terminal_01x04,tht,True
143.0,-40.0,180.0,top,J3,,PinHeader_1x02_P2.54mm_Vertical,Conn_01x02_Pin,tht,True
59.0,-83.54,180.0,top,J4,,PinHeader_1x04_P2.54mm_Vertical,v-ext,tht,True
109.38,-24.0,0.0,top,J6,,TerminalBlock_TE_282834-5_1x05_P2.54mm_Horizontal,GALGA,tht,True
67.0,-45.2,0.0,top,J7,,PinHeader_1x04_P2.54mm_Vertical,JTAG,tht,True
109.6567,-62.547854,90.0,top,J8,,PinHeader_1x03_P2.54mm_Vertical,Conn_01x03_Pin,tht,True
118.761228,-69.441683,0.0,top,J9,,DM3ATSFPEJM540,DM3AT-SF-PEJM5_40_,smt,True
73.0,-36.324,90.0,top,MOS1,,SOIC127P600X175-8M,DMN2041LSD,smt,True
111.059588,-34.528668,0.0,top,R1,,R_0805_2012Metric_Pad1.20x1.40mm_HandSolder,47,smt,True
93.0,-72.0,-90.0,top,R10,,R_0805_2012Metric_Pad1.20x1.40mm_HandSolder,3.3K,smt,True
101.0,-68.0,0.0,top,R11,,R_0805_2012Metric_Pad1.20x1.40mm_HandSolder,3.3K,smt,True
105.341916,-70.066004,-90.0,top,R12,,R_0805_2012Metric_Pad1.20x1.40mm_HandSolder,3.3K,smt,True
48.376425,-78.187349,-90.0,top,R13,,R_0805_2012Metric_Pad1.20x1.40mm_HandSolder,330,smt,True
53.040589,-78.196217,-90.0,top,R14,,R_0805_2012Metric_Pad1.20x1.40mm_HandSolder,330,smt,True
67.3556,-64.0,180.0,top,R15,,R_0805_2012Metric_Pad1.20x1.40mm_HandSolder,10k,smt,True
127.93444,-71.153992,0.0,top,R16,,R_0805_2012Metric_Pad1.20x1.40mm_HandSolder,100k,smt,True
138.943356,-71.474852,0.0,top,R17,,R_0805_2012Metric_Pad1.20x1.40mm_HandSolder,4.7k,smt,True
111.019354,-39.021716,0.0,top,R18,,R_0805_2012Metric_Pad1.20x1.40mm_HandSolder,47,smt,True
111.034402,-41.310517,0.0,top,R19,,R_0805_2012Metric_Pad1.20x1.40mm_HandSolder,47,smt,True
53.0,-32.0,-90.0,top,R2,,R_0805_2012Metric_Pad1.20x1.40mm_HandSolder,196,smt,True
94.0,-28.0,0.0,top,R20,,R_0805_2012Metric_Pad1.20x1.40mm_HandSolder,330,smt,True
94.050105,-24.626259,0.0,top,R21,,R_0805_2012Metric_Pad1.20x1.40mm_HandSolder,330,smt,True
110.992699,-43.604547,0.0,top,R23,,R_0805_2012Metric_Pad1.20x1.40mm_HandSolder,47,smt,True
125.384416,-23.463047,180.0,top,R24,,R_0805_2012Metric_Pad1.20x1.40mm_HandSolder,10K,smt,True
112.173886,-46.457477,0.0,top,R25,,R_0805_2012Metric_Pad1.20x1.40mm_HandSolder,47,smt,True
99.168601,-53.451347,90.0,top,R26,,R_0805_2012Metric_Pad1.20x1.40mm_HandSolder,50,smt,True
126.195256,-63.040556,-90.0,top,R27,,R_0805_2012Metric_Pad1.20x1.40mm_HandSolder,4.7k,smt,True
129.804743,-63.0,-90.0,top,R28,,R_0805_2012Metric_Pad1.20x1.40mm_HandSolder,4.7k,smt,True
138.93444,-69.153992,0.0,top,R29,,R_0805_2012Metric_Pad1.20x1.40mm_HandSolder,4.7k,smt,True
53.0,-37.0,-90.0,top,R3,,R_0805_2012Metric_Pad1.20x1.40mm_HandSolder,120R,smt,True
110.811001,-59.629042,0.0,top,R30,,R_0805_2012Metric_Pad1.20x1.40mm_HandSolder,100k,smt,True
78.573508,-34.019926,-90.0,top,R31,,R_0805_2012Metric_Pad1.20x1.40mm_HandSolder,0,smt,True
67.406699,-34.14735,-90.0,top,R32,,R_0805_2012Metric_Pad1.20x1.40mm_HandSolder,0,smt,True
110.982237,-36.796808,0.0,top,R4,,R_0805_2012Metric_Pad1.20x1.40mm_HandSolder,47,smt,True
153.838608,-75.548118,90.0,top,R5,,R_0805_2012Metric_Pad1.20x1.40mm_HandSolder,220,smt,True
149.078608,-75.548118,90.0,top,R6,,R_0805_2012Metric_Pad1.20x1.40mm_HandSolder,220,smt,True
140.0536,-39.0552,90.0,top,R7,,R_0805_2012Metric_Pad1.20x1.40mm_HandSolder,220,smt,True
96.0,-72.0,-90.0,top,R9,,R_0805_2012Metric_Pad1.20x1.40mm_HandSolder,3.3K,smt,True
86.3225,-74.47836,90.0,top,RBT2,,R_0805_2012Metric_Pad1.20x1.40mm_HandSolder,10K,smt,True
83.7883,-74.47836,90.0,top,RBT3,,R_0805_2012Metric_Pad1.20x1.40mm_HandSolder,10K,smt,True
81.3225,-74.47836,90.0,top,RBT4,,R_0805_2012Metric_Pad1.20x1.40mm_HandSolder,10K,smt,True
78.7199,-74.47836,90.0,top,RBT5,,R_0805_2012Metric_Pad1.20x1.40mm_HandSolder,10K,smt,True
76.2658,-74.47836,90.0,top,RBT6,,R_0805_2012Metric_Pad1.20x1.40mm_HandSolder,10K,smt,True
73.7768,-74.47836,90.0,top,RBT7,,R_0805_2012Metric_Pad1.20x1.40mm_HandSolder,10K,smt,True
34.294636,-78.18135,90.0,top,RLED1,,R_0805_2012Metric_Pad1.20x1.40mm_HandSolder,220,smt,True
39.018464,-78.203476,90.0,top,RLED2,,R_0805_2012Metric_Pad1.20x1.40mm_HandSolder,220,smt,True
64.0,-38.0,-90.0,top,RLED3,,R_0805_2012Metric_Pad1.20x1.40mm_HandSolder,220,smt,True
82.0,-38.0,-90.0,top,RLED4,,R_0805_2012Metric_Pad1.20x1.40mm_HandSolder,220,smt,True
43.904277,-78.203476,90.0,top,RLED5,,R_0805_2012Metric_Pad1.20x1.40mm_HandSolder,220,smt,True
67.380599,-38.16375,-90.0,top,RPD1,,R_0805_2012Metric_Pad1.20x1.40mm_HandSolder,10K,smt,True
78.632208,-38.043026,-90.0,top,RPD2,,R_0805_2012Metric_Pad1.20x1.40mm_HandSolder,10K,smt,True
88.928318,-27.616088,180.0,top,SERIAL1,,PinHeader_1x02_P2.54mm_Vertical,comm-ext,tht,True
25.3576,-47.686,-90.0,top,SW-ARM1,,"TerminalBlock_Phoenix_PT-1,5-2-3.5-H_1x02_P3.50mm_Horizontal",on-bt1,tht,True
25.354484,-40.564343,-90.0,top,SW-PIR1,,"TerminalBlock_Phoenix_PT-1,5-2-3.5-H_1x02_P3.50mm_Horizontal",on-bt1,tht,True
65.0,-74.0,90.0,top,SW1,,SW_SPST_B3U-1000P,SW_Push,smt,True
34.287725,-83.0,90.0,top,TV_ON1,,LED_0805_2012Metric,LED,smt,True
40.0,-68.0,-90.0,top,U1,,SOT-223-3_TabPin2,AMS1117-5.0,smt,True
51.0,-44.0,0.0,top,U2,,SOT-223,TLV1117-ADJ,smt,True
152.24,-52.36,180.0,top,U3,,tarvos-iii,TARVOS_III,smt,True
49.331496,-54.530884,0.0,top,U4,,SOT-223-3_TabPin2,LD1117S33TR_SOT223,smt,True
133.93444,-64.153992,-90.0,top,U5,,TSSOP-8_3x3mm_P0.65mm,PCA9306DP,smt,True
100.0,-78.0,0.0,top,U6,,"IC_74LVC125APW,118","74LVC125APW,118",smt,True
67.0,-59.0,180.0,top,U7,,SOIC127P600X175-8M,W25Q128JVS,smt,True
103.021424,-58.257236,-90.0,top,Y1,,NX3225GA16000MSTDCRG1,NX3225GA-16.000M-STD-CRG-1,smt,True
158.0,-32.46,0.0,top,antena1,,SMA_Wurth_60312002114503_Vertical,Conn_Coaxial,tht,True
129.0685,-77.594,0.0,top,presure-sens1,,"TerminalBlock_Phoenix_PT-1,5-4-3.5-H_1x04_P3.50mm_Horizontal",presure-sens,tht,True
25.363227,-54.812975,-90.0,top,sw-main2,,"TerminalBlock_Phoenix_PT-1,5-2-3.5-H_1x02_P3.50mm_Horizontal",on-bt1,tht,True
25.355895,-33.442916,-90.0,top,sw-pwr-bp1,,"TerminalBlock_Phoenix_PT-1,5-2-3.5-H_1x02_P3.50mm_Horizontal",on-bt1,tht,True
36.75,-24.841992,180.0,top,sw-pwr-bp2,,"TerminalBlock_Phoenix_PT-1,5-2-3.5-H_1x02_P3.50mm_Horizontal",on-bt1,tht,True
43.890559,-24.841007,180.0,top,sw-pwr-tv1,,"TerminalBlock_Phoenix_PT-1,5-2-3.5-H_1x02_P3.50mm_Horizontal",on-bt1,tht,True
