﻿designator,quantity,value,pack,mpn,mount_type
G1,1,LOGO,DIVEC_LOGO,,tht
G2,1,LOGO,SPACE,,tht
"GNDSCREW1, GNDSCREW2, GNDSCREW3, GNDSCREW4",4,Conn_01x01_Male,MountingHole_2.2mm_M2_Pad_Via,,tht
J1,1,Jack-DC,BarrelJack_GCT_DCJ200-10-A_Horizontal,,tht
"J2, J3, J7",3,Conn_01x02_Socket,PinSocket_1x02_P2.54mm_Vertical,,tht
J4,1,Conn_01x04_Socket,PinSocket_1x04_P2.54mm_Vertical,,tht
J5,1,Conn_01x05_Socket,PinSocket_1x05_P2.54mm_Vertical,,tht
J6,1,Conn_01x03_Socket,PinSocket_1x03_P2.54mm_Vertical,,tht
"R1, R2, R3, R4",4,10k,R_Axial_DIN0204_L3.6mm_D1.6mm_P7.62mm_Horizontal,,tht
SW1,1,SW_DIP_x01,PinHeader_1x02_P2.54mm_Vertical,,tht
"SW2, SW3",2,SW_Push,SW_PUSH_6mm_H5mm,,tht
U1,1,ESP32-DEVKIT-V1,MODULE_ESP32_DEVKIT_V1,,tht
U2,1,NRF24L01_Breakout,nRF24L01_Breakout,,tht
