﻿pos_x,pos_y,rotation,side,designator,mpn,pack,value,mount_type,place
58.255,-61.485,0.0,top,G1,,DIVEC_LOGO,LOGO,tht,False
57.6379,-60.170907,90.0,bottom,G2,,SPACE,LOGO,tht,False
90.0,-103.0,0.0,top,GNDSCREW1,,MountingHole_2.2mm_M2_Pad_Via,Conn_01x01_Male,tht,True
50.0,-103.0,0.0,top,GNDSCREW2,,MountingHole_2.2mm_M2_Pad_Via,Conn_01x01_Male,tht,True
50.0,-30.0,0.0,top,GNDSCREW3,,MountingHole_2.2mm_M2_Pad_Via,Conn_01x01_Male,tht,True
90.0,-30.0,0.0,top,GNDSCREW4,,MountingHole_2.2mm_M2_Pad_Via,Conn_01x01_Male,tht,True
79.652372,-93.561387,0.0,top,J1,,BarrelJack_GCT_DCJ200-10-A_Horizontal,Jack-DC,tht,True
68.728351,-96.153602,180.0,top,J2,,PinSocket_1x02_P2.54mm_Vertical,Conn_01x02_Socket,tht,True
48.728351,-96.153602,180.0,top,J3,,PinSocket_1x02_P2.54mm_Vertical,Conn_01x02_Socket,tht,True
77.839895,-71.995964,90.0,top,J4,,PinSocket_1x04_P2.54mm_Vertical,Conn_01x04_Socket,tht,True
81.329431,-35.868923,0.0,top,J5,,PinSocket_1x05_P2.54mm_Vertical,Conn_01x05_Socket,tht,True
55.905545,-24.17749,0.0,top,J6,,PinSocket_1x03_P2.54mm_Vertical,Conn_01x03_Socket,tht,True
60.96,-104.14,-90.0,top,J7,,PinSocket_1x02_P2.54mm_Vertical,Conn_01x02_Socket,tht,True
83.83086,-79.341271,180.0,top,R1,,R_Axial_DIN0204_L3.6mm_D1.6mm_P7.62mm_Horizontal,10k,tht,True
83.769931,-76.2,180.0,top,R2,,R_Axial_DIN0204_L3.6mm_D1.6mm_P7.62mm_Horizontal,10k,tht,True
83.82,-87.63,180.0,top,R3,,R_Axial_DIN0204_L3.6mm_D1.6mm_P7.62mm_Horizontal,10k,tht,True
83.82,-83.89,180.0,top,R4,,R_Axial_DIN0204_L3.6mm_D1.6mm_P7.62mm_Horizontal,10k,tht,True
69.85,-104.14,-90.0,top,SW1,,PinHeader_1x02_P2.54mm_Vertical,SW_DIP_x01,tht,True
89.46,-76.34,0.0,top,SW2,,SW_PUSH_6mm_H5mm,SW_Push,tht,True
89.46,-88.21,0.0,top,SW3,,SW_PUSH_6mm_H5mm,SW_Push,tht,True
58.255,-61.485,180.0,top,U1,,MODULE_ESP32_DEVKIT_V1,ESP32-DEVKIT-V1,tht,True
81.28,-52.07,0.0,top,U2,,nRF24L01_Breakout,NRF24L01_Breakout,tht,True
