﻿pos_x,pos_y,rotation,side,designator,mpn,pack,value,mount_type,place
78.0375,-172.35,180.0,top,BT1,,AMASS_XT60-M_1x02_P7.20mm_Vertical,Battery,tht,True
59.6735,-163.7745,-90.0,top,C1,,C_0805_2012Metric_Pad1.18x1.45mm_HandSolder,10uf,smt,True
69.8975,-163.829,-90.0,top,C10,,C_0805_2012Metric_Pad1.18x1.45mm_HandSolder,100nf,smt,True
73.1995,-163.829,-90.0,top,C11,,C_0805_2012Metric_Pad1.18x1.45mm_HandSolder,100nf,smt,True
76.5015,-163.829,-90.0,top,C12,,C_0805_2012Metric_Pad1.18x1.45mm_HandSolder,1uf,smt,True
79.7395,-163.829,-90.0,top,C13,,C_0805_2012Metric_Pad1.18x1.45mm_HandSolder,100uf,smt,True
61.2,-121.6,-90.0,top,C14,,C_0805_2012Metric_Pad1.18x1.45mm_HandSolder,0.1uf,smt,True
69.85,-86.05,0.0,top,C15,,C_0805_2012Metric_Pad1.18x1.45mm_HandSolder,1uf,smt,True
65.5,-82.45,90.0,top,C16,,C_0805_2012Metric_Pad1.18x1.45mm_HandSolder,100nf,smt,True
83.5125,-88.911334,0.0,top,C17,,C_0805_2012Metric_Pad1.18x1.45mm_HandSolder,100nf,smt,True
86.075,-92.148834,-90.0,top,C19,,C_0805_2012Metric_Pad1.18x1.45mm_HandSolder,100nf,smt,True
62.9755,-163.7745,-90.0,top,C2,,C_0805_2012Metric_Pad1.18x1.45mm_HandSolder,100nf,smt,True
39.0375,-94.95,0.0,top,C20,,C_0805_2012Metric_Pad1.18x1.45mm_HandSolder,100uf,smt,True
47.138,-49.9625,-90.0,top,C21,,C_0805_2012Metric_Pad1.18x1.45mm_HandSolder,100pf,smt,True
49.638,-49.9375,-90.0,top,C22,,C_0805_2012Metric_Pad1.18x1.45mm_HandSolder,4.7uf,smt,True
47.538,-44.1625,-90.0,top,C23,,C_0805_2012Metric_Pad1.18x1.45mm_HandSolder,100pf,smt,True
49.738,-44.1625,-90.0,top,C24,,C_0805_2012Metric_Pad1.18x1.45mm_HandSolder,4.7uf,smt,True
43.238,-40.5625,90.0,top,C25,,C_0805_2012Metric_Pad1.18x1.45mm_HandSolder,18pf,smt,True
43.338,-45.8625,90.0,top,C26,,C_0805_2012Metric_Pad1.18x1.45mm_HandSolder,18pf,smt,True
37.1375,-59.45,-90.0,top,C27,,C_0805_2012Metric_Pad1.18x1.45mm_HandSolder,100nf,smt,True
46.1375,-59.65,-90.0,top,C28,,C_0805_2012Metric_Pad1.18x1.45mm_HandSolder,100nf,smt,True
80.038,-50.4925,-90.0,top,C29,,C_0805_2012Metric_Pad1.18x1.45mm_HandSolder,100pf,smt,True
55.8635,-153.4845,90.0,top,C3,,C_0805_2012Metric_Pad1.18x1.45mm_HandSolder,10uf,smt,True
80.138,-42.5625,-90.0,top,C30,,C_0805_2012Metric_Pad1.18x1.45mm_HandSolder,100pf,smt,True
80.438,-58.125,-90.0,top,C31,,C_0805_2012Metric_Pad1.18x1.45mm_HandSolder,100pf,smt,True
77.8375,-62.15,0.0,top,C32,,C_0805_2012Metric_Pad1.18x1.45mm_HandSolder,1uf,smt,True
85.1625,-123.585,90.0,top,C33,,C_0805_2012Metric_Pad1.18x1.45mm_HandSolder,100nf,smt,True
65.18125,-140.623,0.0,top,C34,,C_0805_2012Metric,1uf,smt,True
65.18125,-147.227,180.0,top,C35,,C_0805_2012Metric,1uf,smt,True
65.18125,-143.925,0.0,top,C36,,C_0805_2012Metric,4.7uf,smt,True
72.86225,-147.227,180.0,top,C37,,C_0805_2012Metric,10uf,smt,True
78.77025,-137.321,0.0,top,C38,,C_0805_2012Metric,1uf,smt,True
78.77025,-147.354,0.0,top,C39,,C_0805_2012Metric,1uf,smt,True
55.8635,-158.5645,-90.0,top,C4,,C_0805_2012Metric_Pad1.18x1.45mm_HandSolder,100nf,smt,True
78.77025,-144.052,0.0,top,C40,,C_0805_2012Metric,1uf,smt,True
78.77025,-140.75,180.0,top,C41,,C_0805_2012Metric,1uf,smt,True
78.77025,-133.892,180.0,top,C42,,C_0805_2012Metric,1uf,smt,True
69.4125,-77.75,0.0,top,C45,,C_0805_2012Metric_Pad1.18x1.45mm_HandSolder,100nf,smt,True
50.1,-117.2,-90.0,top,C5,,C_0805_2012Metric_Pad1.18x1.45mm_HandSolder,6pf,smt,True
53.3,-121.0,180.0,top,C6,,C_0805_2012Metric_Pad1.18x1.45mm_HandSolder,6pf,smt,True
57.7,-111.8,90.0,top,C7,,C_0805_2012Metric_Pad1.18x1.45mm_HandSolder,6pf,smt,True
77.1,-118.1,0.0,top,C8,,C_0805_2012Metric_Pad1.18x1.45mm_HandSolder,6pf,smt,True
77.1895,-156.1265,90.0,top,C9,,C_0805_2012Metric_Pad1.18x1.45mm_HandSolder,100nf,smt,True
45.7375,-99.25,90.0,top,COMM-TRV1,,PinHeader_2x04_P2.00mm_Vertical,Conn_02x04_Odd_Even,tht,True
56.1175,-163.7745,-90.0,top,D1,,D_SOD-123F,1N5400,smt,True
88.113,-44.5625,180.0,top,D10,,LED_0805_2012Metric_Pad1.15x1.40mm_HandSolder,LED_Small,smt,True
88.138,-59.7625,180.0,top,D11,,LED_0805_2012Metric_Pad1.15x1.40mm_HandSolder,LED_Small,smt,True
49.4215,-160.724,0.0,top,D12,,LED_0805_2012Metric,LED_Small,smt,True
49.2945,-144.341,0.0,top,D13,,LED_0805_2012Metric,LED_Small,smt,True
37.481183,-163.650241,0.0,top,D14,,LED_0805_2012Metric,LED_Small,smt,True
88.7375,-160.15,180.0,top,D2,,LED_0805_2012Metric,LED_Small,smt,True
88.7,-163.85,180.0,top,D3,,LED_0805_2012Metric,LED_Small,smt,True
88.7,-156.55,180.0,top,D4,,LED_0805_2012Metric,LED_Small,smt,True
49.4375,-140.15,0.0,top,D5,,LED_0805_2012Metric,LED_Small,smt,True
49.4375,-123.981,0.0,top,D6,,LED_0805_2012Metric,LED_Small,smt,True
35.0,-69.15,0.0,top,D7,,LED_0805_2012Metric,LED_Small,smt,True
35.0,-65.25,0.0,top,D8,,LED_0805_2012Metric,LED_Small,smt,True
88.338,-52.1425,180.0,top,D9,,LED_0805_2012Metric_Pad1.15x1.40mm_HandSolder,LED_Small,smt,True
86.1375,-34.95,0.0,top,GNDSCREW1,,MountingHole_2.2mm_M2_Pad_Via,Conn_01x01_Male,tht,True
39.3375,-34.95,0.0,top,GNDSCREW2,,MountingHole_2.2mm_M2_Pad_Via,Conn_01x01_Male,tht,True
86.0975,-171.91,0.0,top,GNDSCREW3,,MountingHole_2.2mm_M2_Pad_Via,Conn_01x01_Male,tht,True
39.297499,-171.91,0.0,top,GNDSCREW4,,MountingHole_2.2mm_M2_Pad_Via,Conn_01x01_Male,tht,True
67.6,-114.5,45.0,top,IC1,,STM32H503RBT6,STM32H503RBT6,smt,True
52.5975,-104.6,90.0,top,J1,,PinHeader_1x03_P2.54mm_Vertical,Conn_01x03_Pin,tht,True
45.1625,-68.55,90.0,top,J2,,PinHeader_1x02_P2.54mm_Vertical,header rst,tht,True
58.0125,-99.25,-90.0,top,J3,,PinHeader_1x02_P2.54mm_Vertical,Conn_01x02_Pin,tht,True
86.3625,-106.15,90.0,top,J4,,USB_Mini-B_Lumberg_2486_01_Horizontal,USB_B_Mini,smt,True
38.2295,-124.377,-90.0,top,J5,,"TerminalBlock_Phoenix_PT-1,5-4-5.0-H_1x04_P5.00mm_Horizontal",Screw_Terminal_01x04,tht,True
38.2375,-144.45,-90.0,top,J6,,"TerminalBlock_Phoenix_PT-1,5-4-5.0-H_1x04_P5.00mm_Horizontal",Screw_Terminal_01x04,tht,True
87.78725,-145.79,90.0,top,J7,,JST_XH_B4B-XH-A_1x04_P2.50mm_Vertical,Conn_01x04_Socket,tht,True
68.3,-102.7,90.0,top,J8,,PinHeader_1x04_P2.54mm_Vertical,JTAG,tht,True
79.475,-91.711334,-90.0,top,JP1,,SolderJumper-3_P1.3mm_Open_RoundedPad1.0x1.5mm_NumberLabels,Jumper_3_Open,tht,True
77.45,-81.65,90.0,top,JP2,,SolderJumper-3_P1.3mm_Open_RoundedPad1.0x1.5mm_NumberLabels,Jumper_3_Open,tht,True
47.0165,-131.601,180.0,top,Q1,,SOIC127P600X175-8M,DMN2041LSD-13,smt,True
85.6755,-49.0125,0.0,top,Q2,,SOT-23,BSS138,smt,True
85.963,-41.4625,0.0,top,Q3,,SOT-23,BSS138,smt,True
85.8755,-56.8125,0.0,top,Q4,,SOT-23,BSS138,smt,True
47.0005,-152.215,180.0,top,Q5,,SOIC127P600X175-8M,DMN2041LSD-13,smt,True
84.87425,-160.15,180.0,top,R1,,R_0805_2012Metric_Pad1.20x1.40mm_HandSolder,220,smt,True
49.3025,-136.935,180.0,top,R10,,R_0805_2012Metric_Pad1.20x1.40mm_HandSolder,0,smt,True
49.3105,-127.283,180.0,top,R11,,R_0805_2012Metric_Pad1.20x1.40mm_HandSolder,0,smt,True
44.6115,-140.15,0.0,top,R12,,R_0805_2012Metric_Pad1.20x1.40mm_HandSolder,220,smt,True
44.7385,-123.981,180.0,top,R13,,R_0805_2012Metric_Pad1.20x1.40mm_HandSolder,220,smt,True
39.3,-69.15,0.0,top,R14,,R_0805_2012Metric_Pad1.20x1.40mm_HandSolder,220,smt,True
39.3,-65.25,0.0,top,R15,,R_0805_2012Metric_Pad1.20x1.40mm_HandSolder,220,smt,True
55.8375,-93.65,180.0,top,R16,,R_0805_2012Metric_Pad1.20x1.40mm_HandSolder,220,smt,True
40.238,-40.5625,90.0,top,R17,,R_0805_2012Metric_Pad1.20x1.40mm_HandSolder,100,smt,True
40.038,-45.8625,90.0,top,R18,,R_0805_2012Metric_Pad1.20x1.40mm_HandSolder,100,smt,True
46.2375,-36.75,180.0,top,R19,,R_0805_2012Metric_Pad1.20x1.40mm_HandSolder,10k,smt,True
58.0,-119.4,0.0,top,R2,,R_0805_2012Metric_Pad1.20x1.40mm_HandSolder,50,smt,True
37.1375,-54.45,-90.0,top,R20,,R_0805_2012Metric_Pad1.20x1.40mm_HandSolder,0,smt,True
40.2375,-59.55,-90.0,top,R21,,R_0805_2012Metric_Pad1.20x1.40mm_HandSolder,1.8k,smt,True
43.1375,-56.95,0.0,top,R22,,R_0805_2012Metric_Pad1.20x1.40mm_HandSolder,1.5k,smt,True
77.138,-47.6925,0.0,top,R23,,R_0805_2012Metric_Pad1.20x1.40mm_HandSolder,10k,smt,True
82.338,-50.53,-90.0,top,R24,,R_0805_2012Metric_Pad1.20x1.40mm_HandSolder,100k,smt,True
89.338,-49.1425,90.0,top,R25,,R_0805_2012Metric_Pad1.20x1.40mm_HandSolder,2.2k,smt,True
77.138,-39.9625,0.0,top,R26,,R_0805_2012Metric_Pad1.20x1.40mm_HandSolder,10k,smt,True
77.538,-55.4625,0.0,top,R27,,R_0805_2012Metric_Pad1.20x1.40mm_HandSolder,10k,smt,True
82.538,-42.5625,-90.0,top,R28,,R_0805_2012Metric_Pad1.20x1.40mm_HandSolder,100k,smt,True
82.538,-58.125,-90.0,top,R29,,R_0805_2012Metric_Pad1.20x1.40mm_HandSolder,100k,smt,True
66.5955,-159.067,-90.0,top,R3,,R_0805_2012Metric_Pad1.20x1.40mm_HandSolder,120,smt,True
89.213,-41.5625,90.0,top,R30,,R_0805_2012Metric_Pad1.20x1.40mm_HandSolder,1k,smt,True
89.138,-56.5625,90.0,top,R31,,R_0805_2012Metric_Pad1.20x1.40mm_HandSolder,2.2k,smt,True
77.9375,-66.15,0.0,top,R32,,R_0805_2012Metric_Pad1.20x1.40mm_HandSolder,10k,smt,True
83.5875,-65.55,90.0,top,R33,,R_0805_2012Metric_Pad1.20x1.40mm_HandSolder,10k,smt,True
77.5,-110.8,0.0,top,R34,,R_0805_2012Metric_Pad1.20x1.40mm_HandSolder,4.7k,smt,True
76.5,-108.7,0.0,top,R35,,R_0805_2012Metric_Pad1.20x1.40mm_HandSolder,4.7k,smt,True
41.6375,-163.65,180.0,top,R37,,R_0805_2012Metric_Pad1.20x1.40mm_HandSolder,1k,smt,True
88.4625,-122.585,180.0,top,R38,,R_0805_2012Metric_Pad1.20x1.40mm_HandSolder,10k,smt,True
44.7225,-160.724,0.0,top,R39,,R_0805_2012Metric_Pad1.20x1.40mm_HandSolder,220,smt,True
66.5955,-163.829,-90.0,top,R4,,R_0805_2012Metric_Pad1.20x1.40mm_HandSolder,196,smt,True
44.7225,-144.341,180.0,top,R40,,R_0805_2012Metric_Pad1.20x1.40mm_HandSolder,220,smt,True
49.2945,-157.295,180.0,top,R41,,R_0805_2012Metric_Pad1.20x1.40mm_HandSolder,0,smt,True
49.2945,-147.643,180.0,top,R42,,R_0805_2012Metric_Pad1.20x1.40mm_HandSolder,0,smt,True
44.7225,-157.295,180.0,top,R43,,R_0805_2012Metric_Pad1.20x1.40mm_HandSolder,10k,smt,True
44.7225,-147.643,180.0,top,R44,,R_0805_2012Metric_Pad1.20x1.40mm_HandSolder,10k,smt,True
83.21525,-137.321,180.0,top,R45,,R_0805_2012Metric,10k,smt,True
69.05225,-147.227,180.0,top,R46,,R_0805_2012Metric,100,smt,True
74.96025,-137.321,180.0,top,R47,,R_0805_2012Metric,100,smt,True
83.21525,-147.354,0.0,top,R48,,R_0805_2012Metric,100,smt,True
83.21525,-144.052,0.0,top,R49,,R_0805_2012Metric,100,smt,True
84.83675,-163.85,0.0,top,R5,,R_0805_2012Metric_Pad1.20x1.40mm_HandSolder,220,smt,True
83.21525,-140.75,0.0,top,R50,,R_0805_2012Metric,100,smt,True
84.83675,-156.55,0.0,top,R6,,R_0805_2012Metric_Pad1.20x1.40mm_HandSolder,1k,smt,True
55.1,-108.3,-90.0,top,R7,,R_0805_2012Metric_Pad1.20x1.40mm_HandSolder,100k,smt,True
44.6115,-136.975,180.0,top,R8,,R_0805_2012Metric_Pad1.20x1.40mm_HandSolder,10k,smt,True
44.7385,-127.283,180.0,top,R9,,R_0805_2012Metric_Pad1.20x1.40mm_HandSolder,10k,smt,True
69.4875,-64.15,180.0,top,S1,,PSB-WURT,PSB-WURT,smt,True
88.9875,-67.6,-90.0,top,S2,,SW-WURT,SW-WURT,tht,True
87.1,-130.5,0.0,top,S3,,PSB-WURT,PSB-WURT,smt,True
44.3375,-172.95,0.0,top,SW-ARM1,,"TerminalBlock_Phoenix_PT-1,5-2-3.5-H_1x02_P3.50mm_Horizontal",on-bt1,tht,True
51.4375,-172.95,0.0,top,SW-PIR1,,"TerminalBlock_Phoenix_PT-1,5-2-3.5-H_1x02_P3.50mm_Horizontal",on-bt1,tht,True
59.9375,-172.95,0.0,top,SW1,,"TerminalBlock_Phoenix_PT-1,5-2-3.5-H_1x02_P3.50mm_Horizontal",MAIN,tht,True
38.35,-116.1,180.0,top,SW4,,PSB-WURT,PSB-WURT,smt,True
47.7375,-31.95,0.0,top,TP1,,TestPoint_Pad_D2.0mm,CTS,tht,True
36.2375,-40.85,90.0,top,TP2,,TestPoint_Pad_D2.0mm,GND,tht,True
36.2375,-44.35,90.0,top,TP3,,TestPoint_Pad_D2.0mm,1v8,tht,True
36.2375,-47.35,90.0,top,TP4,,TestPoint_Pad_D2.0mm,RTS,tht,True
60.6895,-156.0245,90.0,top,U1,,SOT-223-3_TabPin2,LD1117S33TR_SOT223,smt,True
70.35,-81.65,0.0,top,U11,,LGA-28_5.2x3.8mm_P0.5mm,BNO055,smt,True
72.4375,-156.257,90.0,top,U2,,SOT-223-3_TabPin2,TLV1117-ADJ,smt,True
82.75,-92.136334,180.0,top,U3,,Bosch_LGA-8_2.5x2.5mm_P0.65mm_ClockwisePinNumbering,BME280,smt,True
47.1375,-84.35,0.0,top,U4,,tarvos-iii,TARVOS_III,smt,True
53.703,-37.1275,0.0,top,U5,,Erinome-l,ERINOME-l,smt,True
40.7375,-50.25,180.0,top,U6,,VSSOP-8_2.4x2.1mm_P0.5mm,TXB0102DCU,smt,True
86.8,-118.435,180.0,top,U7,,SOIC127P600X175-8M,W25Q128JVS,smt,True
71.91225,-142.02,0.0,top,U8,,TSSOP-20_4.4x6.5mm_P0.65mm,BQ76920PW,smt,True
53.5,-117.2,90.0,top,Y1,,NX3225GA16000MSTDCRG1,NX3225GA-16.000M-STD-CRG-1,smt,True
38.0725,-103.9275,0.0,top,antena1,,SMA_Wurth_60312002114503_Vertical,Conn_Coaxial,tht,True
