﻿designator,quantity,value,pack,mpn,mount_type
BT1,1,Battery,AMASS_XT60-M_1x02_P7.20mm_Vertical,,tht
"C1, C3",2,10uf,C_0805_2012Metric_Pad1.18x1.45mm_HandSolder,,smt
"C10, C11, C16, C17, C19, C2, C27, C28, C33, C4, C45, C9",12,100nf,C_0805_2012Metric_Pad1.18x1.45mm_HandSolder,,smt
"C12, C15, C32",3,1uf,C_0805_2012Metric_Pad1.18x1.45mm_HandSolder,,smt
"C13, C20",2,100uf,C_0805_2012Metric_Pad1.18x1.45mm_HandSolder,,smt
C14,1,0.1uf,C_0805_2012Metric_Pad1.18x1.45mm_HandSolder,,smt
"C21, C23, C29, C30, C31",5,100pf,C_0805_2012Metric_Pad1.18x1.45mm_HandSolder,,smt
"C22, C24",2,4.7uf,C_0805_2012Metric_Pad1.18x1.45mm_HandSolder,,smt
"C25, C26",2,18pf,C_0805_2012Metric_Pad1.18x1.45mm_HandSolder,,smt
"C34, C35, C38, C39, C40, C41, C42",7,1uf,C_0805_2012Metric,,smt
C36,1,4.7uf,C_0805_2012Metric,,smt
C37,1,10uf,C_0805_2012Metric,,smt
"C5, C6, C7, C8",4,6pf,C_0805_2012Metric_Pad1.18x1.45mm_HandSolder,,smt
COMM-TRV1,1,Conn_02x04_Odd_Even,PinHeader_2x04_P2.00mm_Vertical,,tht
D1,1,1N5400,D_SOD-123F,,smt
"D10, D11, D9",3,LED_Small,LED_0805_2012Metric_Pad1.15x1.40mm_HandSolder,,smt
"D12, D13, D14, D2, D3, D4, D5, D6, D7, D8",10,LED_Small,LED_0805_2012Metric,,smt
"GNDSCREW1, GNDSCREW2, GNDSCREW3, GNDSCREW4",4,Conn_01x01_Male,MountingHole_2.2mm_M2_Pad_Via,,tht
IC1,1,STM32H503RBT6,STM32H503RBT6,,smt
J1,1,Conn_01x03_Pin,PinHeader_1x03_P2.54mm_Vertical,,tht
J2,1,header rst,PinHeader_1x02_P2.54mm_Vertical,,tht
J3,1,Conn_01x02_Pin,PinHeader_1x02_P2.54mm_Vertical,,tht
J4,1,USB_B_Mini,USB_Mini-B_Lumberg_2486_01_Horizontal,,smt
"J5, J6",2,Screw_Terminal_01x04,"TerminalBlock_Phoenix_PT-1,5-4-5.0-H_1x04_P5.00mm_Horizontal",,tht
J7,1,Conn_01x04_Socket,JST_XH_B4B-XH-A_1x04_P2.50mm_Vertical,,tht
J8,1,JTAG,PinHeader_1x04_P2.54mm_Vertical,,tht
"JP1, JP2",2,Jumper_3_Open,SolderJumper-3_P1.3mm_Open_RoundedPad1.0x1.5mm_NumberLabels,,tht
"Q1, Q5",2,DMN2041LSD-13,SOIC127P600X175-8M,,smt
"Q2, Q3, Q4",3,BSS138,SOT-23,,smt
"R1, R12, R13, R14, R15, R16, R39, R40, R5",9,220,R_0805_2012Metric_Pad1.20x1.40mm_HandSolder,,smt
"R10, R11, R20, R41, R42",5,0,R_0805_2012Metric_Pad1.20x1.40mm_HandSolder,,smt
"R17, R18",2,100,R_0805_2012Metric_Pad1.20x1.40mm_HandSolder,,smt
"R19, R23, R26, R27, R32, R33, R38, R43, R44, R8, R9",11,10k,R_0805_2012Metric_Pad1.20x1.40mm_HandSolder,,smt
R2,1,50,R_0805_2012Metric_Pad1.20x1.40mm_HandSolder,,smt
R21,1,1.8k,R_0805_2012Metric_Pad1.20x1.40mm_HandSolder,,smt
R22,1,1.5k,R_0805_2012Metric_Pad1.20x1.40mm_HandSolder,,smt
"R24, R28, R29, R7",4,100k,R_0805_2012Metric_Pad1.20x1.40mm_HandSolder,,smt
"R25, R31",2,2.2k,R_0805_2012Metric_Pad1.20x1.40mm_HandSolder,,smt
R3,1,120,R_0805_2012Metric_Pad1.20x1.40mm_HandSolder,,smt
"R30, R37, R6",3,1k,R_0805_2012Metric_Pad1.20x1.40mm_HandSolder,,smt
"R34, R35",2,4.7k,R_0805_2012Metric_Pad1.20x1.40mm_HandSolder,,smt
R4,1,196,R_0805_2012Metric_Pad1.20x1.40mm_HandSolder,,smt
R45,1,10k,R_0805_2012Metric,,smt
"R46, R47, R48, R49, R50",5,100,R_0805_2012Metric,,smt
"S1, S3, SW4",3,PSB-WURT,PSB-WURT,,smt
S2,1,SW-WURT,SW-WURT,,tht
"SW-ARM1, SW-PIR1",2,on-bt1,"TerminalBlock_Phoenix_PT-1,5-2-3.5-H_1x02_P3.50mm_Horizontal",,tht
SW1,1,MAIN,"TerminalBlock_Phoenix_PT-1,5-2-3.5-H_1x02_P3.50mm_Horizontal",,tht
TP1,1,CTS,TestPoint_Pad_D2.0mm,,tht
TP2,1,GND,TestPoint_Pad_D2.0mm,,tht
TP3,1,1v8,TestPoint_Pad_D2.0mm,,tht
TP4,1,RTS,TestPoint_Pad_D2.0mm,,tht
U1,1,LD1117S33TR_SOT223,SOT-223-3_TabPin2,,smt
U11,1,BNO055,LGA-28_5.2x3.8mm_P0.5mm,,smt
U2,1,TLV1117-ADJ,SOT-223-3_TabPin2,,smt
U3,1,BME280,Bosch_LGA-8_2.5x2.5mm_P0.65mm_ClockwisePinNumbering,,smt
U4,1,TARVOS_III,tarvos-iii,,smt
U5,1,ERINOME-l,Erinome-l,,smt
U6,1,TXB0102DCU,VSSOP-8_2.4x2.1mm_P0.5mm,,smt
U7,1,W25Q128JVS,SOIC127P600X175-8M,,smt
U8,1,BQ76920PW,TSSOP-20_4.4x6.5mm_P0.65mm,,smt
Y1,1,NX3225GA-16.000M-STD-CRG-1,NX3225GA16000MSTDCRG1,,smt
antena1,1,Conn_Coaxial,SMA_Wurth_60312002114503_Vertical,,tht
