﻿pos_x,pos_y,rotation,side,designator,mpn,pack,value,mount_type,place
205.0,-62.0,90.0,top,D1,,LED_D3.0mm,LED,tht,True
205.0,-86.0,-90.0,top,D2,,LED_D3.0mm,LED,tht,True
176.863023,-76.357189,-90.0,top,D3,,D_DO-41_SOD81_P10.16mm_Horizontal,1N4007,tht,True
177.0,-57.92,-90.0,top,D4,,D_DO-41_SOD81_P10.16mm_Horizontal,1N4007,tht,True
139.454756,-70.239531,0.0,top,G1,,DIVEC_LOGO,LOGO,tht,False
140.0,-54.0,180.0,bottom,G2,,SPACE,LOGO,tht,False
104.0,-49.0,0.0,top,GNDSCREW1,,MountingHole_2.2mm_M2_Pad_Via,Conn_01x01_Male,tht,True
201.0,-49.0,0.0,top,GNDSCREW2,,MountingHole_2.2mm_M2_Pad_Via,Conn_01x01_Male,tht,True
104.0,-93.0,0.0,top,GNDSCREW3,,MountingHole_2.2mm_M2_Pad_Via,Conn_01x01_Male,tht,True
201.0,-93.0,0.0,top,GNDSCREW4,,MountingHole_2.2mm_M2_Pad_Via,Conn_01x01_Male,tht,True
103.0,-66.38,0.0,top,J1,,PinSocket_1x05_P2.54mm_Vertical,Conn_01x05_Socket,tht,True
114.9,-57.0,-90.0,top,J2,,BarrelJack_GCT_DCJ200-10-A_Horizontal,Jack-DC,tht,True
205.708434,-79.17508,90.0,top,J3,,"PhoenixContact_MCV_1,5_3-G-5.08_1x03_P5.08mm_Vertical",Conn_01x03_Socket,tht,True
169.0,-45.569906,0.0,top,J4,,PinSocket_1x02_P2.54mm_Vertical,Conn_01x02_Socket,tht,True
189.0,-45.569906,0.0,top,J5,,PinSocket_1x02_P2.54mm_Vertical,Conn_01x02_Socket,tht,True
181.85,-64.95,0.0,top,K1,,Relay_SPDT_SANYOU_SRD_Series_Form_C,SANYOU_SRD_Form_C,tht,True
181.85,-81.9,0.0,top,K2,,Relay_SPDT_SANYOU_SRD_Series_Form_C,SANYOU_SRD_Form_C,tht,True
170.0,-61.73,-90.0,top,Q1,,TO-92_Inline,BC337,tht,True
170.271113,-79.521744,-90.0,top,Q2,,TO-92_Inline,BC337,tht,True
205.81,-55.0,180.0,top,R1,,R_Axial_DIN0204_L3.6mm_D1.6mm_P7.62mm_Horizontal,1.8k,tht,True
194.81,-93.0,180.0,top,R2,,R_Axial_DIN0204_L3.6mm_D1.6mm_P7.62mm_Horizontal,1.8k,tht,True
157.150965,-54.535337,0.0,top,R3,,R_Axial_DIN0204_L3.6mm_D1.6mm_P7.62mm_Horizontal,3.3k,tht,True
164.202033,-69.332111,-90.0,top,R4,,R_Axial_DIN0204_L3.6mm_D1.6mm_P7.62mm_Horizontal,3.3k,tht,True
164.757984,-58.141944,-90.0,top,R5,,R_Axial_DIN0204_L3.6mm_D1.6mm_P7.62mm_Horizontal,47k,tht,True
164.271113,-80.791744,-90.0,top,R6,,R_Axial_DIN0204_L3.6mm_D1.6mm_P7.62mm_Horizontal,47k,tht,True
116.46,-44.0,90.0,top,SW1,,PinHeader_1x02_P2.54mm_Vertical,SW_DIP_x01,tht,True
140.3,-66.735,0.0,top,U1,,ESP32_DEVKIT_V1,ESP32-DEVKIT-V1,tht,True
119.54,-74.46,-90.0,top,U2,,nRF24L01_Breakout,NRF24L01_Breakout,tht,True
