﻿designator,quantity,value,pack,mpn,mount_type
"D1, D2",2,LED,LED_D3.0mm,,tht
"D3, D4",2,1N4007,D_DO-41_SOD81_P10.16mm_Horizontal,,tht
G1,1,LOGO,DIVEC_LOGO,,tht
G2,1,LOGO,SPACE,,tht
"GNDSCREW1, GNDSCREW2, GNDSCREW3, GNDSCREW4",4,Conn_01x01_Male,MountingHole_2.2mm_M2_Pad_Via,,tht
J1,1,Conn_01x05_Socket,PinSocket_1x05_P2.54mm_Vertical,,tht
J2,1,Jack-DC,BarrelJack_GCT_DCJ200-10-A_Horizontal,,tht
J3,1,Conn_01x03_Socket,"PhoenixContact_MCV_1,5_3-G-5.08_1x03_P5.08mm_Vertical",,tht
"J4, J5",2,Conn_01x02_Socket,PinSocket_1x02_P2.54mm_Vertical,,tht
"K1, K2",2,SANYOU_SRD_Form_C,Relay_SPDT_SANYOU_SRD_Series_Form_C,,tht
"Q1, Q2",2,BC337,TO-92_Inline,,tht
"R1, R2",2,1.8k,R_Axial_DIN0204_L3.6mm_D1.6mm_P7.62mm_Horizontal,,tht
"R3, R4",2,3.3k,R_Axial_DIN0204_L3.6mm_D1.6mm_P7.62mm_Horizontal,,tht
"R5, R6",2,47k,R_Axial_DIN0204_L3.6mm_D1.6mm_P7.62mm_Horizontal,,tht
SW1,1,SW_DIP_x01,PinHeader_1x02_P2.54mm_Vertical,,tht
U1,1,ESP32-DEVKIT-V1,ESP32_DEVKIT_V1,,tht
U2,1,NRF24L01_Breakout,nRF24L01_Breakout,,tht
